0.7817479034939494,0.7716174248130298,0.7630126577260564,0.7553389791608286,0.7483863775829915,0.7419717812613654,0.7360195178616309,0.7304558189663517,0.7252185468316001,0.7202668126744856,0.7155659501125177,0.711086513720536,0.7068085565556362,0.702707142878203,0.698766792575747,0.6949707938284647,0.691318221349601,0.6877856259283956,0.6843618272848271,0.68104721054581,0.6778317876058035,0.674699761593812,0.6716606615174542,0.668697571147249,0.6658050150643845,0.6629866576941403,0.6602243763253959,0.6575343065666167,0.6548896177095364,0.6523109661232954,0.6497727182046877,0.6472923125201708,0.6448475615074967,0.6424558793427518,0.6400937382893284,0.6377816086677522,0.635495576663633,0.6332524267790022,0.6310356670131828,0.6288527467953845,0.6266972870668667,0.6245673427265845,0.622467386368268,0.6203845258507464,0.6183321459206466,0.6162959101028719,0.6142819625138923,0.6122910494669429,0.6103153382988997,0.6083645121679389
0.7808572685747792,0.7702755108161231,0.7612787729162699,0.7532774975299247,0.7459972678367917,0.7393165192317301,0.7331089146251968,0.7273041570194475,0.7218492143601932,0.7166958379679937,0.7118069080343694,0.7071524604461796,0.7027071810831566,0.6984506025400473,0.6943624935146231,0.6904320629508609,0.6866464828383354,0.6829886661124916,0.6794472339885412,0.6760210691424903,0.6726982938214546,0.6694649925989054,0.6663256961642223,0.6632692392425407,0.6602854079624781,0.6573833349497882,0.654539837462029,0.6517658367004628,0.6490501012908576,0.6463916817770743,0.6437881095900506,0.6412338442661968,0.6387286876538081,0.6362663183464287,0.6338473239094911,0.6314672915970576,0.6291256077633541,0.6268206597747614,0.6245475983913765,0.6223098468608322,0.6200936185479444,0.6179144879185948,0.6157539102782411,0.6136239074814328,0.6115156767374629,0.6094307162508098,0.6073714977774615,0.6053272051570994,0.6033077235330104,0.6013002004745975
0.7798781417407152,0.7687927752477585,0.7593665438067229,0.7509872610087237,0.7433903529264977,0.7363937002566409,0.7299120567909765,0.7238623381304943,0.7181705404584977,0.7127991954745716,0.707708999925509,0.7028677831802594,0.6982480240424629,0.6938261069427186,0.6895835821364418,0.6855085279858659,0.6815833995210647,0.6777955091603166,0.6741314717452435,0.6705852334949536,0.6671504702336386,0.6638118887620251,0.6605667748058989,0.6574151717562708,0.6543392073215281,0.6513432135412658,0.6484181717682642,0.6455566528228858,0.6427651079443985,0.6400249671754208,0.6373525914364667,0.6347237867430959,0.6321520647999126,0.6296200147058459,0.6271370440942015,0.6246895398091432,0.6222878115914854,0.6199160593291224,0.6175872870948312,0.6152819055357784,0.6130156068732366,0.6107715972915383,0.6085599686662193,0.6063725074118423,0.6042114160339717,0.602076938361907,0.5999611583446782,0.5978727362976971,0.5957939189951871,0.5937350875621682
0.7787868441712051,0.767129352576815,0.7572502074549297,0.7484687459685657,0.7404956934795451,0.7331858766454961,0.7264001256282696,0.720073035566951,0.71413908329414,0.7085358862807786,0.7032298823005917,0.6981878387911209,0.6933811213604658,0.6887849621423098,0.6843782198075485,0.6801464470795792,0.6760773662860806,0.6721517853845344,0.6683580338677204,0.6646857188954142,0.6611332130112462,0.6576853014477552,0.6543327801827072,0.651076857314537,0.6479082454824632,0.6448141394512648,0.641802004198786,0.6388561679278273,0.6359767741798886,0.6331635458529405,0.6304055079202265,0.6277104660123365,0.6250587853213042,0.6224636308618468,0.6199035542305456,0.6173939415310198,0.6149165664560112,0.6124850686235607,0.6100818149143408,0.6077228121259071,0.6053885823083544,0.6030910091533658,0.6008170106952441,0.5985745839411507,0.5963573655206601,0.5941660152338331,0.5919992036366059,0.5898479656638008,0.5877177390278666,0.5855937191337852
0.7775610727244662,0.765286818584835,0.7548988959499414,0.7456677929603226,0.7373066045729979,0.7296291536820266,0.7225290624906457,0.7159031648034438,0.7096969618066707,0.7038486140886678,0.6983122548860636,0.6930557811538476,0.688049529090909,0.6832676980458097,0.6786881354949333,0.6742919083918262,0.6700637621437634,0.6659960249605831,0.6620665761478682,0.6582663009754192,0.6545849011127832,0.6510198915499049,0.6475592757584672,0.6441939671548514,0.6409227390707836,0.6377373002622385,0.6346248639815294,0.6315909635357284,0.6286246456538627,0.6257241224803787,0.6228908289313091,0.6201101609936819,0.61739022432639,0.6147106238982688,0.6120807104393132,0.609488306339125,0.6069400762580435,0.6044315432435728,0.6019678597218864,0.5995384296441506,0.5971467900159259,0.5947816706317168,0.5924516311192852,0.590144325825497,0.5878722911736397,0.585621611876819,0.5833982556133646,0.581189924707759,0.5789935437636323,0.5768051583306206
0.7761812523075391,0.763231948424358,0.7522649805654207,0.7425464094991457,0.7337480087021503,0.7256813523571484,0.718232907589259,0.7112873790572758,0.7047887530596328,0.69867356647025,0.6928888224144366,0.6874044503420084,0.6821862486577844,0.6772060677146711,0.6724407343943101,0.6678708950256259,0.6634805095687625,0.6592553240164913,0.6551801309439652,0.6512466967276195,0.6474373444715465,0.6437447872083722,0.6401635189780834,0.6366925197246152,0.6333155134803622,0.6300233832289932,0.6268192030638164,0.6236865685467914,0.6206262547052628,0.6176396228040565,0.6147140018486633,0.6118539209074049,0.6090422651856543,0.6062772303744534,0.603557752187027,0.6008839377082831,0.5982614577690554,0.5956825320178318,0.5931512122785368,0.5906556542922167,0.5881984812352624,0.5857687875488302,0.5833714283976038,0.5810012490010117,0.5786625214786915,0.5763513638142093,0.5740638016546702,0.5717930178631794,0.5695263768987947,0.5672622373262869
0.7746297867838056,0.7608959236745129,0.7493091041619562,0.7390434818945397,0.7297628414889287,0.721274731987654,0.7134404717209061,0.7061498558022008,0.69933648749322,0.6929292061037887,0.6868788834139538,0.6811478536310934,0.6757026632567622,0.6705106020962438,0.6655473299413127,0.6607929809369114,0.6562304177900856,0.6518437088058945,0.6476184931641605,0.643536437477691,0.6395880727462614,0.6357677855690925,0.6320658101384653,0.628474857569694,0.6249843370822483,0.6215926842212024,0.6182805946089784,0.6150432230659562,0.611887129736868,0.6087995717242074,0.605779709818753,0.6028207925114754,0.599908341719423,0.5970552399734343,0.5942486616195761,0.5914947734256042,0.5887904967072135,0.5861365672367771,0.5835305803054958,0.5809648418709225,0.5784357448558297,0.5759351169657898,0.5734647221774734,0.5710224572893418,0.5686123303302222,0.5662312131150801,0.5638742954208756,0.5615304957528668,0.5591848734040669,0.5568278818237548
0.7728614816324094,0.7582564852849737,0.7459536291244534,0.7350854916362454,0.7252779963608608,0.716318564346256,0.7080637968582295,0.7003951347898882,0.6932406374532484,0.6865155110741683,0.6801794067892104,0.6741884102769444,0.6684976460048065,0.6630782661817229,0.657903584051797,0.6529516690723706,0.6482053474916561,0.6436477359583899,0.6392612439533416,0.6350274685980382,0.6309376583482231,0.6269766502379301,0.6231432428942766,0.6194275537562159,0.6158235966243865,0.6123158272731387,0.6088910038916772,0.6055444067972383,0.6022752238696667,0.5990763477919627,0.5959455834789346,0.5928774881339752,0.5898697552426504,0.586922878101055,0.5840243406657905,0.5811789886116251,0.5783878134352096,0.5756494411822531,0.5729643255897748,0.5703192837449577,0.5677124011748058,0.5651294298267415,0.5625769399539041,0.5600488908270841,0.5575566833961664,0.5550916196021404,0.5526538654110669,0.5502210285454036,0.5477791941852219,0.5453026925764216
0.7708269646119147,0.755237579471664,0.7421413395950696,0.7305859379640267,0.7201862311105985,0.7107078170166242,0.7019912642216116,0.6939135788168231,0.6863790937441454,0.6793185293200779,0.6726718907059146,0.6663905003306052,0.6604395183870923,0.6547790484057452,0.6493790738346761,0.6442156104613797,0.6392735223132516,0.6345349564249839,0.6299786113920022,0.6255863534737063,0.6213389593123698,0.6172298509904355,0.6132555912368901,0.6094081242774564,0.605677963106619,0.6020458555545153,0.5984962297891097,0.5950186109000196,0.5916173587806626,0.5882852158951937,0.5850296985095823,0.5818585577798269,0.5787516091377514,0.575700482646984,0.5727019787052822,0.5697529080180167,0.5668643462302663,0.5640320392710204,0.5612552918181082,0.5585229255111541,0.5558216731859202,0.5531445590629506,0.5504863943133534,0.5478558425332587,0.5452533978866032,0.5426852917856826,0.5401357745883038,0.5375897067879096,0.535010617393717,0.5323714809598954
0.7684820179173397,0.7517509595688898,0.7377493220630507,0.7254256631146451,0.7143624822648911,0.7043030575881859,0.6950763296237508,0.6865495988735429,0.6786095419073754,0.6711738494204177,0.6641894673478478,0.6576044511158579,0.6513711900064771,0.6454503615542151,0.6398071899906663,0.634419280760871,0.6292688459235536,0.6243386960007046,0.6196037718908723,0.6150377197801036,0.6106241789216216,0.6063526579351185,0.6022225166412649,0.598227536660247,0.594347705066918,0.5905600229333523,0.586841834017245,0.5832002723236434,0.5796439389759582,0.5761869512724628,0.5728227280821504,0.5695397248826687,0.5663268007163077,0.5631641335303346,0.5600453654364085,0.5569802356401061,0.5539699416515347,0.5510229813734684,0.5481337378774833,0.5452866336039159,0.5424671074230539,0.5396571945740027,0.5368585876521804,0.534074425439704,0.5313166645477879,0.5285862976208489,0.525870427505278,0.5231388834199234,0.5203439757354333,0.5174295667060745
0.7657300483338312,0.7476957040382406,0.7326453091917344,0.7194469507219609,0.7076314126575015,0.6969246209416544,0.6871380022861161,0.6781126876275774,0.66972482852767,0.6618875626267753,0.6545333227329537,0.6476178852555056,0.6410837385509478,0.634884361456395,0.6289811365373844,0.6233476023349631,0.6179729523667779,0.6128388393034051,0.6079139600974802,0.6031629571042798,0.5985617812763191,0.5941037217507859,0.5897898115807176,0.5856122352931784,0.5815376025468391,0.5775502123647129,0.5736606359299832,0.5698598920490662,0.5661569387707293,0.5625535755775156,0.5590516752679129,0.5556378372100141,0.5522886224029815,0.5489813445980606,0.545708932981189,0.5424780450887857,0.5393018113186616,0.536190516164198,0.5331365025997129,0.530118535305682,0.5271101502568455,0.5240864227295198,0.5210446166218089,0.517994827376372,0.5149509636335694,0.5119181680911,0.5088737388722285,0.5057692968855731,0.5025267236810101,0.4990347737729673
0.7624747901441855,0.7429024341499302,0.7266439322185595,0.7124367428594681,0.6997613744453264,0.6883286774387154,0.6779167585943497,0.6683483591470317,0.6594733926656484,0.6511904177417045,0.6434356751598069,0.6361594620978113,0.6293053464573818,0.6228085881644212,0.6166178878079175,0.6107164073991314,0.6050961083455636,0.5997407516879648,0.5946082078411148,0.589648871921589,0.5848291712029078,0.580142239436822,0.5755923587164432,0.5711656035272924,0.5668670571827173,0.5626937141028476,0.5586141605226806,0.5546164980487513,0.5507125627732034,0.5469154655247231,0.5432274057303077,0.5396287783805441,0.5360856323522235,0.5325612819532206,0.529043626933268,0.5255433617464735,0.522083253393845,0.5186758813981921,0.5153123204048689,0.5119571283351663,0.5085575490902106,0.505074332207714,0.5014931391131422,0.49782413572914985,0.4940844838074053,0.490270898318436,0.4863386854807557,0.48218482305737365,0.4776407614937419,0.4724325709445277
0.7585593211553829,0.7371694208369975,0.719490785133107,0.7041048263863992,0.6904403015941734,0.6781794828160017,0.6670770216440242,0.6569142124736582,0.6475066915136578,0.6387327454927494,0.6305355675153954,0.6228728562123127,0.6156715701814562,0.6088517060263892,0.6023461479481752,0.596137666956467,0.5902314324671375,0.5846117771564351,0.579218107148185,0.5739673359200337,0.568815595817888,0.5637892352523338,0.55891693471302,0.5542313573634442,0.5497180153550356,0.5453215503403949,0.5409931528698315,0.5367172845728867,0.5325126055492798,0.5284078151270335,0.5244088655954525,0.520485093570872,0.5165750591488624,0.5126174283386188,0.5085845505924579,0.504488246235284,0.5003585825269804,0.49621230471171,0.49202149228754005,0.48770519560047065,0.4831475092808289,0.478238577299107,0.4729076039049238,0.46712533795471645,0.46086271570296367,0.4540342194241782,0.44644062506523347,0.43768976232983786,0.4271053472672066,0.4133803740322351
0.7537633229977907,0.7301890442396202,0.7108164593843408,0.6940348637349667,0.6792119663899737,0.666002839550649,0.6541348694557199,0.6433280806379306,0.633339002822244,0.6240232247017604,0.6153335138962656,0.6072433742980121,0.5996695544504468,0.5924937549387748,0.5856183382647449,0.579029998941793,0.5727460241657907,0.566737609229393,0.5608849343627319,0.5551616171126885,0.5495942131887099,0.5441862043278407,0.5389694830739038,0.5339541248691883,0.5290964338671673,0.5243087952728135,0.519509491727246,0.5146711688005497,0.5098229047815968,0.5050081887911522,0.5002326686057621,0.49542903904017616,0.4904641407543633,0.48519284542367286,0.47951720463707626,0.4734042857357163,0.46685202519134533,0.4598178682101805,0.4521369681518772,0.4434850449445027,0.4333656871141747,0.4212118754869603,0.40648495250835565,0.38879417231822283,0.36796611920715155,0.34418991623260653,0.3181804448358996,0.2912184860310432,0.26471709441259106,0.23904631670308063
0.747756199013792,0.7215089845594962,0.7000766852128298,0.6816085389883921,0.6653990076318403,0.6510907031018117,0.6383762544639152,0.626882014618288,0.6162656588059234,0.6063379199129113,0.5970783492303542,0.5884985525647345,0.5805032471956476,0.5729035285236566,0.5655423853468068,0.5583984641494141,0.5515041510522029,0.5448201036480509,0.538387351563198,0.5321194153453344,0.5259212845496911,0.519800730392019,0.5138172644177073,0.5079872597097276,0.502222419880158,0.49633675218583456,0.4901351933639227,0.4835112833267767,0.4764584502279526,0.46899025880161516,0.46102086250407015,0.4522612510900059,0.4421847262760329,0.4301075445236692,0.4153483364041765,0.39738621658961404,0.3759961485491225,0.35139644853969015,0.3245615691776825,0.2973054305061447,0.2719939942384964,0.2505492740332781,0.23373320268774292,0.22125319460427018,0.21242140280069322,0.20657077028628995,0.2030395179479689,0.20118144558117923,0.20034637721371193,0.20005508369021147
0.7400138095430465,0.7104295111479263,0.6864464195130775,0.6658831573547729,0.6479562588407614,0.6323280078451414,0.6186822028957912,0.6064846543458953,0.5951951068277642,0.5845383113984269,0.5745410725987224,0.565286085411302,0.556607047094677,0.5480747148168875,0.5396346664682209,0.531380848092276,0.5234120123269844,0.5158145646189513,0.5084024182541504,0.5008550896291076,0.4929426301386975,0.4846240011254844,0.475949636124021,0.46685956191537215,0.4569911253650536,0.4456257938907486,0.4318329373133206,0.4147521542862775,0.39380032777840057,0.3688608073189988,0.3405825438125588,0.31072622930783755,0.28206697828368604,0.25733292194412216,0.23791259595627762,0.2236660035938191,0.21377108369140377,0.20730764405026972,0.2035027695093199,0.2015410993887063,0.20065655745962,0.20028373197648106,0.20012721333515318,0.20006203472882922,0.20003742575396496,0.20003003224402455,0.20002920675724636,0.2000302695444323,0.20003189154867318,0.20003374651683808
0.7296668994485059,0.695830005985387,0.668617106986226,0.6453479973462672,0.6251526617179884,0.6078218597225958,0.5931216966619711,0.5802359467076539,0.5682091871856462,0.5565392219315621,0.5453090747452288,0.5346540519046699,0.5241258964879766,0.5137225607734114,0.5031666377619383,0.4923650480469884,0.48140535403040813,0.4701386292287892,0.4578502183412306,0.44330581447514295,0.42516958624885454,0.402474805742998,0.3749149543371044,0.34322930771275145,0.3097491300604483,0.27818145448152654,0.2519733469586101,0.2324298105639508,0.2188675786159337,0.21002893614754845,0.20475416570012772,0.2020089193459343,0.20079822130630676,0.20031547293432195,0.20012711617137524,0.2000522674197238,0.20002414609018032,0.20001586175839406,0.2000147669294546,0.20001571170258065,0.20001718511291575,0.20001887130427465,0.20002064312087714,0.20002245720772702,0.2000242981699151,0.20002615946063404,0.20002803769945446,0.20002993033652808,0.20003183464361238,0.2000337468728585
0.7151250844590781,0.675820136527551,0.6444391561283229,0.6174939522872752,0.5939443078506698,0.5739446611335882,0.5577589062121888,0.543929829007112,0.5298915686825393,0.5152867612258113,0.5003374879105591,0.4852124411018099,0.4697996465547325,0.4523179800252836,0.4305689823163544,0.4030438384325793,0.36949683477438416,0.3315767615315824,0.29346197888252273,0.26056109200030925,0.23612388649641822,0.2198489523317335,0.20982490131161438,0.20423984628498318,0.20159364729925466,0.20055471613850037,0.20019219088741302,0.2000647789541181,0.20001906358597368,0.20000478365796928,0.20000204689911769,0.20000266023821914,0.20000391133281975,0.20000541678973277,0.2000070160880962,0.20000854378457933,0.20001002406283244,0.2000116652804341,0.20001341065830272,0.20001518749778127,0.2000169810873773,0.20001878873114307,0.20002060986925366,0.2000224449388634,0.20002429472304972,0.20002615966588633,0.20002803945544778,0.20002993275953193,0.2000318371533571,0.20003374900253523
0.693237650340382,0.6470684459547414,0.6103116474791713,0.5780244182653759,0.5485350689398466,0.522424494724292,0.5019175036222224,0.48199785344267443,0.45866399823707804,0.4291069961360506,0.3915922298947151,0.3473215417551571,0.3013178985194253,0.2614128832762763,0.23305308868301705,0.21587479017505504,0.206618574178398,0.2022973022428491,0.20067930845275134,0.2001882525369112,0.20004727635444713,0.20000373616429976,0.19999179987742824,0.1999902046626685,0.1999910469617685,0.19999237961527824,0.1999938823150575,0.1999954437815455,0.19999703557105353,0.1999986506385289,0.20000028538240816,0.20000191124087904,0.20000354308681748,0.2000051893897257,0.20000684808644592,0.2000084458368781,0.2000099794101245,0.2000116472492757,0.20001340085193606,0.20001518000787188,0.20001697499940302,0.20001878399088605,0.2000206065241655,0.20002244297697241,0.20002429403624666,0.2000261600707461,0.20002804070789043,0.20002993456819046,0.20003183917290215,0.20003375089792022
0.6568862757267906,0.603282464156219,0.5597897754814267,0.5188087477932097,0.4753966912937296,0.424126466611544,0.36152516439309773,0.29960047815121615,0.25148213833406946,0.2220035019431369,0.20778826361438102,0.20220677804365908,0.20048875111368417,0.20008775646536822,0.20000361412303844,0.19998356635344933,0.19998002809042623,0.1999805504311013,0.19998175309209712,0.19998313350084118,0.19998456756472452,0.19998602836448406,0.19998751215623767,0.19998901828678836,0.1999905461987799,0.199992093838132,0.19999365877705497,0.1999952400248709,0.19999683837232807,0.1999984552492662,0.20000009117379408,0.20000172886805936,0.20000337340894994,0.20000503264029845,0.20000670567499626,0.20000834885065127,0.2000099374374885,0.200011630710703,0.20001339073693475,0.20001517175643918,0.20001696811326475,0.2000187784483548,0.20002060233769675,0.20002244011907314,0.20002429242041594,0.20002615955968914,0.20002804111903702,0.20002993567615013,0.20003184070311691,0.20003375256845632
