0.7856245853601519,0.7773965210302621,0.770162733948654,0.7635542805621199,0.7573567448880721,0.7515191850923536,0.7459767030352463,0.7406865141502904,0.735621054653076,0.7307566120316634,0.7260768443763556,0.7215651982449989,0.7172075646997486,0.7129926529763466,0.7089090221240323,0.7049472438918918,0.7011050799465162,0.6973725499931586,0.6937383150818254,0.6901958507875346,0.6867521993562115,0.6833902185829219,0.680102810072211,0.6769003661730072,0.673767697700915,0.670697641226958,0.6677044601138592,0.6647631184516851,0.6618868797969628,0.6590667254233024,0.6562960308070853,0.6535854043092586,0.6509150821199182,0.6483013032071642,0.6457223255015562,0.6431980382636676,0.6407043216905594,0.6382615568314346,0.6358459499416531,0.6334782686448801,0.631136262091281,0.6288362674749086,0.6265626257258889,0.6243245061417424,0.6221153956738301,0.6199337266938443,0.6177858468050136,0.6156574715597288,0.613564599070915,0.6114897373529297
0.7863311396459117,0.7784654724771812,0.7715275451591084,0.7651858080037494,0.7592527136451024,0.7536329989926138,0.7482945335252912,0.7431990745206773,0.7383169327977632,0.7336257039586235,0.729107936252342,0.7247480757015013,0.7205356591413448,0.716464662484877,0.7125178384632134,0.7086863547221335,0.7049619746364096,0.7013461361546823,0.6978295014213274,0.6943982726365152,0.691053195247727,0.6877990719818959,0.6846120814880026,0.681501312613287,0.6784653646085351,0.6754860901613752,0.6725813516346898,0.6697266541916507,0.6669341536569858,0.6641957842069319,0.6615070329345806,0.6588738844508477,0.6562808464605021,0.6537434439485423,0.6512396449653115,0.6487877724198794,0.6463666637558869,0.643993661173191,0.6416505941094278,0.6393476508737826,0.6370777903207789,0.6348398998180609,0.6326387715775131,0.6304593918779895,0.6283235202833339,0.6262034121258726,0.62412035546734,0.6220612138915825,0.620028893200458,0.6180312043639018
0.7869821527836578,0.7794362027346308,0.7727996299922407,0.7666914614920133,0.7609846051693389,0.7555872955739215,0.7504469857687354,0.7455335441092388,0.7408228533293322,0.7362954911795088,0.7319336342812502,0.7277228321658209,0.7236510652361974,0.7197061972256958,0.7158835158614113,0.7121803498550413,0.7085769590287162,0.705067090230787,0.7016594327524218,0.6983387148621667,0.6950918686954425,0.6919343916112402,0.6888469374909199,0.6858245268092558,0.6828809524823677,0.6799889672721205,0.6771674459029925,0.6743978215957878,0.6716842819647937,0.6690265930898677,0.6664140832662546,0.6638570854948249,0.6613389412328994,0.6588728125005087,0.656441685274595,0.6540581165293626,0.6517079095077181,0.6494003611967822,0.6471268688111859,0.6448865112018541,0.6426855768795479,0.6405083565928199,0.6383729457862006,0.6362571112609424,0.6341798308100585,0.6321261832982362,0.6300989335401762,0.6281078835419005,0.6261345063429233,0.6242000625233354
0.7875816324205157,0.7803193684253196,0.7739771388507725,0.7680976752965346,0.7625976988408631,0.7573960888406485,0.7524430939217857,0.7477045978240416,0.7431574668174642,0.7387829412590339,0.7345642571302684,0.7304892013931845,0.7265563502097239,0.7227434286592916,0.7190417644017041,0.7154438015167609,0.7119593860708735,0.708563308005845,0.705249074966245,0.7020330503079772,0.6988893297872353,0.695815649733381,0.6928262876947672,0.6898919978793274,0.6870312785684122,0.6842280667493461,0.6814808092172316,0.6787975426839206,0.6761565561334856,0.6735795339388465,0.6710379915826886,0.6685563155351301,0.666106386691323,0.6637121117977719,0.6613479854024792,0.6590323304344814,0.6567472472336771,0.6545040795279764,0.6522959234174815,0.6501163196930416,0.6479801536451766,0.6458615674564452,0.6437885169168589,0.6417332162785201,0.6397113348901796,0.6377201598078074,0.6357484577339308,0.6338166558971802,0.6319037350701774,0.6300247271116878
0.7881327697274225,0.7811444093566126,0.7750441392185822,0.7694049800231801,0.7641003535114361,0.7590806321340908,0.7542991278043197,0.7497220057874621,0.7453270910995289,0.74110221864283,0.7370276121832925,0.7330878301694694,0.729272384129794,0.7255733781793284,0.7219958590818698,0.7185166490998923,0.7151250864207693,0.7118374815183247,0.7086312838788118,0.7054968007048863,0.7024549973219817,0.6994731537908206,0.696562461848735,0.6937228681331609,0.6909343060122022,0.6882198639178156,0.6855456950614569,0.6829421672686268,0.6803723357220097,0.6778716626197892,0.6753989712107857,0.6729877554382516,0.6706042975744713,0.6682787965999868,0.6659776493959406,0.6637289794772062,0.6615056559579835,0.6593259948348542,0.6571768310595029,0.6550586957053001,0.652982037997356,0.6509225508764117,0.6489053095574668,0.6469084797438861,0.6449410382217968,0.6430084162893893,0.641091674209665,0.6392132593586166,0.6373583678355915,0.6355324569718585
0.7886393580825759,0.7819183971333309,0.7760301077570103,0.7706014922716995,0.7654938660999735,0.7606489729702823,0.7560313384684838,0.7516099650559029,0.7473641117926073,0.7432739727009956,0.7393246732079092,0.7355051853561319,0.7318189289793762,0.7282419855659722,0.7247624463524429,0.7213875812753754,0.7181117165046657,0.7149097306733958,0.7118001279356039,0.7087676092046094,0.7057983613478357,0.7029154871999199,0.7000818057367536,0.6973259690573376,0.6946194528562755,0.6919752150755604,0.6893842627078659,0.6868438614671197,0.6843566847886566,0.6819137317464855,0.679518555583181,0.6771675090420576,0.6748541230917909,0.6725894891403181,0.6703503105300695,0.6681675112178288,0.6660008786810236,0.6638845688551596,0.6617909599221428,0.6597327426720538,0.657710156695494,0.6557060607248381,0.6537467943407086,0.6518028825596454,0.6498894049448108,0.6480097525319006,0.6461451204569276,0.6443195829140327,0.6425183310168342,0.6407423966549523
0.7891041295626472,0.7826417346294151,0.7769544537480136,0.771716775144569,0.7667893935993978,0.7621120488585537,0.7576491401206787,0.7533717890517887,0.7492588406046986,0.7452936717030973,0.7414783005735553,0.7377865320095945,0.734204030488803,0.730726992896483,0.7273682568304118,0.724092071707893,0.7209005970998483,0.7178088316577097,0.7147802566954226,0.7118348316934676,0.7089610856144546,0.7061449945651558,0.7034074525915848,0.7007140366471795,0.6980964331740396,0.6955149603556704,0.6930060922974872,0.6905270010362322,0.6881161338632252,0.6857305646679874,0.6834108278338262,0.6811132353086525,0.6788739301232475,0.6766608451812444,0.6744917059080712,0.6723582327349059,0.6702520646391344,0.6681960670839476,0.6661528253203857,0.6641566248964585,0.6621828705363344,0.660234158596838,0.6583288104506811,0.6564338777671194,0.6545756074215611,0.6527445028648201,0.650930191332075,0.6491554159898884,0.6474022382959875,0.6456752441601978
0.7895301112164903,0.7833165276239168,0.7778195504303264,0.7727580779202009,0.7679972243327742,0.763474595576529,0.7591544359567599,0.755009388798404,0.7510327890902685,0.7472033878502365,0.743498996939739,0.7399084008060388,0.7364405746755043,0.7330807278007385,0.7298042519284115,0.7266278700842342,0.7235413173112275,0.7205191635662362,0.7175956043789607,0.7147249929535155,0.7119320799854403,0.7092022703675493,0.7065292394449163,0.7039247925494946,0.7013639500216757,0.6988688211859063,0.6964122354888546,0.6940159544727575,0.6916559113168402,0.6893482559882712,0.6870797895731421,0.6848504346829272,0.6826686870672284,0.6805108642309985,0.6784080624564818,0.676321880022849,0.6742823992529124,0.6722701912989599,0.6702834023520707,0.6683450531702032,0.6664159671548578,0.6645266842672009,0.6626648086147531,0.6608184092604763,0.6590166624992159,0.6572284863163779,0.6554631744153687,0.6537381248937533,0.6520279533966806,0.6503476644947287
0.7899203076677296,0.7839453945846416,0.7786285218807157,0.7737302060621407,0.7691227931553821,0.7647431911091253,0.7605599773921171,0.7565582233987079,0.7527050960079812,0.7489836873474648,0.7453814517736854,0.7419171942566155,0.7385505208853208,0.7352723381314409,0.7321085388136043,0.7290212035425355,0.7260089860796124,0.7230945469579667,0.720229981131043,0.7174586314903338,0.7147337208245186,0.712081409910711,0.7094844220236732,0.7069456913223554,0.7044605068570192,0.7020270773240501,0.6996408230421926,0.697306215577468,0.6950079622539967,0.6927672467599375,0.6905488986012805,0.6883926715379416,0.6862533127447394,0.6841661344077348,0.682106106231509,0.6800776929766658,0.6780960519795728,0.6761266335375014,0.6742059907551962,0.672305419740504,0.6704285341636649,0.6685950773920674,0.6667725718016222,0.6649804480652697,0.6632237865448251,0.6614764331816825,0.6597639520186233,0.6580813281354281,0.6564124828828963,0.6547821789099756
0.7902817024514526,0.7845253964563501,0.7793838901568327,0.7746375174064758,0.7701720986222297,0.765938086377521,0.7618928170793788,0.7580078075784272,0.7542624558276816,0.7506468187130453,0.7471737718081354,0.7437993104577347,0.7405179762308901,0.7373571147423861,0.7342700793083125,0.7312647065073952,0.7283564852671777,0.725498627596768,0.722739007463929,0.720021339883158,0.7173864602840508,0.7147974853363603,0.712277180125795,0.709800761591286,0.7073873365924656,0.7050107167228887,0.7026987211569083,0.7004118306084031,0.6981916087999662,0.695988898727481,0.6938491866585149,0.6917305466454963,0.689657175992204,0.6876226351530121,0.6856076724380662,0.6836478122105536,0.6817003985582262,0.6797914745785263,0.6779184689474388,0.6760577641536356,0.6742427183574844,0.67244636071099,0.6706677846258146,0.6689337027670657,0.6672103551778401,0.6655090321978251,0.6638484226326558,0.6621990215372662,0.6605732716555281,0.6589919802346301
0.7906244548993858,0.7850534468903568,0.7800869293703416,0.7754897839182239,0.7711697079950088,0.7670644093143905,0.7631367362306477,0.7593594925339726,0.7557222275065038,0.7522339251908722,0.7488476371158026,0.745558066983192,0.7423959944014928,0.7393071659453491,0.7363042730810057,0.7333996691402087,0.730547729226887,0.7277949910434248,0.7250843222874377,0.7224614822225948,0.7198808957361847,0.7173736905667116,0.7149082702077691,0.7125107965784034,0.710144903095668,0.7078499488117982,0.7055754593709442,0.7033731932172091,0.7011862689286302,0.699060354802158,0.6969607605177254,0.6949005160132324,0.6928874120422956,0.6908886229014954,0.6889449357757933,0.6870183710779796,0.6851226459816323,0.6832731961709247,0.6814304963076845,0.6796299181001688,0.6778573655898212,0.6760960252466865,0.6743781779033667,0.6726784241618794,0.6709926827171228,0.6693472121470331,0.6677193193432237,0.6661057981445279,0.6645326459349883,0.6629845370326816
0.7909488757945803,0.7855458489362789,0.7807453520090569,0.7762940356540567,0.7721039403112931,0.7681169147432283,0.7642965636176225,0.7606255737904042,0.7571169520936982,0.7537151188519554,0.7504119633590259,0.7472416682484907,0.7441501846042539,0.7411430679367865,0.7382417337399788,0.7353905740705683,0.7326439377859608,0.7299400222129939,0.7273219879769581,0.7247516976139943,0.7222519286701158,0.7197990651256806,0.717411739252926,0.7150593940274206,0.712776393401998,0.7105152295844119,0.7083275348361143,0.7061539806957469,0.7040442198074418,0.7019588079927388,0.699913855307473,0.6979171180661288,0.6959333327635314,0.6940072687544513,0.6920973868611652,0.690217110135943,0.6883872347525812,0.6865617745150459,0.6847756262216631,0.6830230186404973,0.6812794495672098,0.6795761625625486,0.6778972474399109,0.6762288767428849,0.6745979136322657,0.6729902407711276,0.6713920749365446,0.6698285089406355,0.6682948800807235,0.6667722220288201
0.7912563900831722,0.7860110421310746,0.7813633053417605,0.7770474614726475,0.7729773676556656,0.7690992646243552,0.7653823846372376,0.7618420686462539,0.7584195849954488,0.7550976636836554,0.7519121388788523,0.7488167807139675,0.745798557549557,0.7428989916618353,0.7400479872366026,0.7372989901032039,0.7346038568531756,0.731984221269957,0.7294275044086487,0.7269300602005141,0.7244906858273914,0.7221066163878006,0.719770188096047,0.7174936084065071,0.7152452564501225,0.7130706401364442,0.7109072793681825,0.7088155726645892,0.7067410743192527,0.7047134754115806,0.7027284234103172,0.7007599126111946,0.6988500339893581,0.6969533472316702,0.6950904537120427,0.6932752685229869,0.6914652489747617,0.689696934863608,0.6879600709925687,0.686232528480705,0.6845470077973028,0.6828845743609913,0.6812322004492694,0.6796182094060538,0.6780271259589943,0.6764436802807716,0.6748945291939877,0.6733750773875283,0.671861617719253,0.6703755953669999
0.791546994596969,0.7864496739072571,0.7819426341635676,0.7777526629046457,0.7737937253475475,0.7700162732664023,0.7664259847429515,0.7629793477888738,0.7596370998687269,0.7564192482063192,0.7533215413127685,0.7502905237945716,0.7473837897366149,0.7445358953372554,0.74177326642752,0.7390909110621167,0.7364643020606246,0.7339207092990958,0.7314190085449414,0.7289959553909718,0.7266109360327786,0.7242920212249427,0.722015791749339,0.7197867325983079,0.7176141100941905,0.7154646840562987,0.7133875180052005,0.7113198850353921,0.709311785898398,0.707333032272146,0.7053807481004472,0.7034870485146448,0.7015997521237485,0.6997578159588105,0.6979521608352508,0.6961561114681418,0.6944085778830895,0.6926825573100878,0.6909694101983984,0.6893040586328152,0.6876538056382161,0.6860157663793122,0.684421755112835,0.6828436656353338,0.6812751905576672,0.6797429202145252,0.678235662051444,0.6767337105452599,0.6752589632796163,0.6738265063663296
0.7918217198435317,0.7868632925883945,0.7824859893359879,0.7784123583466738,0.7745568462738731,0.7708918676578297,0.767411219650216,0.7640431374817523,0.7607862451835482,0.7576785892827681,0.7546392146885594,0.7517053580143715,0.7488662554336384,0.7460864256967507,0.7434128923938286,0.7407763714374996,0.7382437488814875,0.7357375359185778,0.7333264565837008,0.7309374818301342,0.7286364795516446,0.7263568683546501,0.7241484383554148,0.7219731940243457,0.7198436254406465,0.7177695283835208,0.7157114503186066,0.7137232749171553,0.7117462682369917,0.7098155781326354,0.7079290079868418,0.7060522711631338,0.7042317183160446,0.702430652427159,0.700650022112537,0.6989220146457689,0.6972028597581204,0.6955068163049223,0.6938605477061683,0.6922183878037383,0.6905966262084787,0.6890224801236248,0.6874529475470138,0.6858992705271755,0.6843872664029537,0.6828887772052831,0.6813985213678256,0.6799422010711198,0.6785159877719681,0.6770937739615487
0.7920812414536995,0.7872533132005689,0.7829957820757386,0.7790293158543637,0.7752719888145242,0.7717332233727549,0.76833224829537,0.7650381824151621,0.7618967275207024,0.7588524411001917,0.7558854705731674,0.7530500597046945,0.7502557236033872,0.7475791317717342,0.7449424465472557,0.7424016545639895,0.7399033980850218,0.7374887040790196,0.7351065291684885,0.7328106974754339,0.7305320908295618,0.7283398858580676,0.7261598946419345,0.7240543079193422,0.7219734542169134,0.7199352461195206,0.7179536806898648,0.7159815458644601,0.7140750898022774,0.7121860817778763,0.7103258820193208,0.7085232140345097,0.7067238033543608,0.7049643307069348,0.7032479513604077,0.7015340201536073,0.6998619294675295,0.6982247746315979,0.6965897589228753,0.694991042092464,0.6934288227458858,0.6918668863252362,0.6903300535011616,0.688839665101747,0.6873458420365168,0.6858696950113798,0.6844337811336332,0.6830115921426608,0.6815964649831154,0.6802093306479665
0.7923261619219243,0.787620430994719,0.7834733846279586,0.7796063174882208,0.7759614978360931,0.7725216740466282,0.7691954382366337,0.7659906629566392,0.7629412438796803,0.759952703121389,0.7570908243305913,0.7543031446797192,0.7515927210486316,0.7489755360905357,0.7464065416863903,0.7439310728897641,0.7414926482095416,0.7391366683134959,0.7368194777411821,0.7345644775584883,0.7323624488626419,0.7301919257947967,0.7281003315721922,0.7260128884267539,0.724003087273939,0.72201069604254,0.7200571017593489,0.718162706211964,0.71627187825813,0.714439924714775,0.7126345860480437,0.7108437113172166,0.7091131304578568,0.7073927269488892,0.7056923200014937,0.7040453471023747,0.70240615035491,0.7007845974321681,0.6992123835861788,0.6976496554914148,0.6960992064037259,0.6945907044299264,0.6931023166349372,0.6916169830182488,0.690160920730576,0.6887430657010611,0.6873221757079517,0.6859179731308904,0.6845529217351243,0.6832036918275455
0.7925572452233365,0.7879657697835625,0.7839209128266256,0.7801467011348163,0.7766251295760471,0.7732598132846576,0.7700031428698978,0.766910412095583,0.7639173181840616,0.761003922236326,0.7582259764469682,0.7554848522228433,0.7528730125678603,0.7502869625736815,0.7478155382727791,0.7453643150599604,0.7430201962880266,0.7406883063998436,0.7384547034497363,0.7362335515585786,0.7340937002569092,0.7319801960337404,0.7299144614318677,0.7279089441852827,0.7259126031488822,0.7239904495745279,0.7220817294684236,0.7202063280756361,0.7183949546802411,0.716580814851859,0.7148158760696437,0.7130913137483783,0.7113699269170689,0.7096976208110883,0.7080557088695044,0.7064176341633636,0.7048225280054988,0.7032599435885766,0.7016978846595887,0.7001670186094291,0.6986799913480152,0.6971884655369837,0.6957177026530118,0.6942895949212806,0.692869965569574,0.6914571285132403,0.6900741063972761,0.6887248273288245,0.687372774865697,0.6860372953038126
0.7927746259742906,0.7882907408332307,0.7843403573593194,0.7806672243076912,0.7772481650473599,0.7739519686959924,0.7707756038235557,0.7677755134659586,0.7648336089497212,0.7620194558391334,0.7592861455070775,0.7566282898818919,0.754066155087711,0.7515533597934275,0.7491307876014353,0.7467514977537792,0.7444453323787233,0.7421909886772329,0.7399807108067226,0.737846109844362,0.7357227457785865,0.7336861784658154,0.7316577340147252,0.7296882927667476,0.7277643798717862,0.7258523629694074,0.7240115944301176,0.722181545827928,0.7203814097790295,0.7186441327764629,0.7169052078449089,0.7152012305752652,0.713553280806357,0.7118997299062984,0.7102775927415088,0.7087106994195755,0.7071368254699341,0.7055875061852069,0.7040910086165392,0.7025952528745328,0.701111306457434,0.699669555660023,0.6982485924337073,0.6968279285767458,0.6954322526435872,0.6940769983063261,0.6927224261892319,0.6913768978353263,0.6900606720222667,0.6887763617116938
0.7929796281372132,0.7885960745988208,0.7847329622183978,0.781169885316561,0.7778308911327199,0.7746009963218604,0.7715232738228708,0.7685847296462827,0.7657053110345261,0.7629817799307271,0.7602853921247589,0.7577253923048157,0.7551889017299398,0.7527702865758036,0.7503686967893349,0.7480807030100848,0.7457973636042926,0.7436196379458656,0.7414502353623164,0.739358926988974,0.7373035179264669,0.7352799823273274,0.7333344449596247,0.7313874056290213,0.7295075767713696,0.7276608116243202,0.7258277718895954,0.7240633293692131,0.7223086313259611,0.7205777350549153,0.7189088526462939,0.7172419493151246,0.7155994946093704,0.7140135682117527,0.7124309292037361,0.7108637950986686,0.7093509722059061,0.707848251205011,0.7063519608456863,0.7048950709635343,0.703469513455699,0.7020406585290176,0.7006343766515628,0.6992702904287745,0.6979115443591096,0.6965577544665517,0.6952313910737268,0.6939440021663204,0.692649602547084,0.6913659035659382
